final_method,baseline,metric,n_pairs,mean_delta,median_delta,bootstrap_ci_low,bootstrap_ci_high,wilcoxon_p,holm_p
RegMahaProxy-TC,CE-Proto,AUC,240,0.1065748,0.11073799999999995,0.09469926020833333,0.11844339645833332,3.4570212274508397e-34,6.91404245490168e-33
RegMahaProxy-TC,CE-Proto,Pd@Pfa=0.05,240,0.11982500000000001,0.08499999999999999,0.10282395833333334,0.1368933333333333,2.0263629988691324e-28,3.647453397964438e-27
RegMahaProxy-TC,CosMetricHead,AUC,240,0.012317616666666672,0.016877000000000086,0.006671545833333339,0.017948885208333334,1.233637126498996e-06,1.3570008391488956e-05
RegMahaProxy-TC,CosMetricHead,Pd@Pfa=0.05,240,0.04191666666666668,0.032000000000000015,0.031291458333333334,0.052858749999999996,6.642125948554246e-12,1.0627401517686794e-10
RegMahaProxy-TC,CE-LinearHead,AUC,240,0.012652850000000004,0.011987000000000081,0.007961984166666665,0.01720183791666666,2.661306472389172e-07,3.1935677668670064e-06
RegMahaProxy-TC,CE-LinearHead,Pd@Pfa=0.05,240,0.026491666666666667,0.022000000000000006,0.0180575,0.03488375,2.594895090627205e-09,3.632853126878087e-08
